AX,CODES
5PGX,0040
5PFX,0041
5PFX,0042
5PFX,0043
5PJX,0055
5PJX,0063
5PJX,0064
5PJX,0065
5PCX,0066
8PCX,0070
8PCX,0071
8PCX,0072
8PCX,0073
8PDX,0080
8PDX,0081
8PDX,0082
8PDX,0083
8PDX,0084
8PCX,0085
8PCX,0086
8PCX,0087
15PCX,0109
17PBX,0111
1PBX,0111
17PBX,0113
1PBX,0113
15PBX,0114
15PBX,0115
15PBX,0123
15PBX,0124
15PBX,0125
15PBX,0131
15PBX,0139
15PBX,0151
15PBX,0159
15PBX,0202
15PBX,0206
15PBX,0211
15PBX,0212
15PBX,022
15PBX,0231
15PBX,0232
15PBX,0233
15PBX,0234
15PBX,0239
15PBX,0242
15PBX,0243
15PBX,0299
15PBX,0301
15PBX,0309
15PBX,031
15PBX,0329
15PCX,0331
15PBX,0332
15PCX,0339
15PBX,034
15PBX,0351
15PBX,0352
15PBX,0359
15PBX,0398
3PDX,0403
15PCX,0404
3PDX,0404
3PDX,0405
3PDX,0406
3PDX,0407
1PBX,0411
17PBX,0411
3PDX,0412
3PDX,0419
15PBX,043
3PDX,0441
3PDX,0442
3PDX,0449
15PBX,045
15PCX,046
3PDX,0471
3PDX,0472
3PDX,0473
3PDX,0474
3PDX,0475
15PBX,0476
3PDX,0476
15PBX,0479
3PDX,0492
3PDX,0493
3PDX,0499
3PDX,0521
3PDX,0522
3PDX,066
15PBX,067
15PBX,0721
15PBX,0722
2PCX,0811
2PCX,0820
2PCX,0821
2PCX,0822
2PCX,0823
2PCX,0824
2PCX,0825
2PCX,0831
2PCX,0832
2PCX,0833
2PCX,0834
2PCX,0835
2PCX,0836
2PCX,0837
2PCX,0838
2PCX,0841
2PCX,0842
2PCX,0843
2PCX,0849
2PCX,0851
15PCX,0852
2PCX,0852
2PCX,0859
2PCX,0861
2PCX,0862
2PCX,0863
2PCX,0864
2PCX,0869
2PCX,0870
15PCX,0871
2PCX,0871
2PCX,0872
2PCX,0873
2PCX,0874
15PCX,0881
2PCX,0881
2PCX,0882
2PCX,0883
2PCX,0884
2PCX,0885
2PCX,0886
2PCX,0887
2PCX,0889
2PCX,0891
2PCX,0892
2PCX,0893
2PCX,0899
2PCX,090
2PCX,0911
2PCX,0912
2PCX,0919
2PCX,0920
2PCX,0921
2PCX,0922
2PCX,0923
2PCX,093
2PCX,0941
2PCX,0942
3PDX,0943
15PCX,0943
2PCX,0943
2PCX,0944
2PCX,0949
2PCX,0951
2PCX,0952
2PCX,0953
2PCX,0959
2PCX,096
2PCX,0971
2PCX,0972
2PCX,0973
2PCX,0981
2PCX,0982
2PCX,0983
2PCX,0991
2PCX,0999
2PCX,100
2PCX,101
15PCX,1021
2PCX,1021
2PCX,1029
2PCX,1031
2PCX,1032
2PCX,1033
15PCX,1033
2PCX,1041
2PCX,1042
2PCX,1043
2PCX,1044
2PCX,1049
2PCX,105
2PCX,106
2PCX,1091
15PCX,1091
2PCX,1099
2PCX,110
2PCX,111
2PCX,1121
2PCX,1122
2PCX,1129
15PCX,1129
2PCX,1131
2PCX,1132
2PCX,1139
2PCX,1141
2PCX,1142
2PCX,1143
2PCX,1149
2PCX,1151
2PCX,1152
2PCX,1153
2PCX,1159
15PBX,1160
2PCX,1175
2PCX,1179
2PCX,1191
2PCX,1192
2PCX,1199
2PCX,1200
2PCX,1201
2PCX,1202
2PCX,1211
2PCX,1212
2PCX,1213
2PCX,1214
2PCX,1221
15PCX,1221
2PCX,1222
2PCX,1229
2PCX,1231
2PCX,1232
2PCX,1233
2PCX,1234
2PCX,1235
2PCX,1239
2PCX,1240
2PCX,1241
15PCX,1241
2PCX,1242
2PCX,1243
2PCX,1244
2PCX,1251
2PCX,1252
2PCX,1253
15PCX,1254
2PCX,1254
2PCX,1255
2PCX,1259
2PCX,1261
2PCX,1262
2PCX,1263
15PCX,1264
2PCX,1264
2PCX,1265
2PCX,1266
15PCX,1266
2PCX,1269
2PCX,1271
2PCX,1272
15PCX,1273
2PCX,1273
2PCX,1274
2PCX,1279
2PCX,1281
2PCX,1282
2PCX,1283
2PCX,1284
2PCX,1285
2PCX,1286
2PCX,1287
2PCX,1288
2PCX,1289
15PCX,1291
2PCX,1291
2PCX,1292
2PCX,1293
2PCX,1297
2PCX,1298
2PCX,1299
2PCX,1300
2PCX,1301
2PCX,1302
2PCX,1311
2PCX,1319
2PCX,132
2PCX,133
2PCX,1341
2PCX,1342
2PDX,1342
2PCX,1343
2PCX,1351
2PCX,1359
2PCX,1364
2PCX,1365
2PCX,1366
2PCX,1369
2PCX,1370
2PCX,1371
2PCX,1372
2PCX,138
2PCX,139
2PCX,1390
2PCX,1391
15PBX,1421
15PBX,1422
15PBX,1424
15PBX,1425
15PBX,1426
15PBX,1432
15PBX,1434
15PBX,1441
15PBX,1451
15PBX,1452
15PBX,1454
15PBX,1455
15PBX,1459
2PCX,1471
2PCX,1473
15PDX,1474
15PCX,1475
15PBX,1479
15PCX,149
2PCX,1501
2PCX,1509
2PCX,1511
2PCX,1512
2PCX,1513
2PCX,1519
2PCX,1521
2PCX,1522
2PCX,1529
2PCX,153
2PCX,154
2PCX,155
2PCX,156
2PCX,157
2PCX,159
15PCX,1621
15PBX,1639
3PDX,1652
3PDX,1665
3PDX,1666
15PCX,1669
2PCX,1682
15PCX,1693
2PCX,1693
3PDX,1698
2PCX,1699
15PDX,1731
15PDX,1732
15PDX,1733
15PDX,1734
15PDX,1735
15PBX,1736
15PBX,1739
15PBX,1761
15PBX,1762
99PFX,1770
15PCX,1809
15PCX,208
15PCX,2101
3PDX,2106
15PCX,211
23PBX,2121
3PCX,2122
3PCX,2129
15PCX,2130
15PCX,2131
15PCX,2132
3PDX,2172
3PDX,2183
15PCX,2189
15PCX,2191
3PCX,2211
17PBX,2211
3PBX,2301
3PBX,2309
3PBX,2311
3PBX,2319
3PBX,232
3PBX,233
3PBX,2341
3PBX,2342
3PBX,2343
3PBX,2349
3PBX,235
3PBX,236
3PBX,2370
3PBX,2371
3PBX,2372
3PBX,2373
17PBX,2411
3PCX,2411
17PBX,2412
3PCX,2412
15PCX,2431
3PDX,244
3PDX,245
3PBX,247
15PCX,247
17PBX,2501
3PCX,2501
17PBX,251
3PDX,252
3PDX,253
3PDX,254
15PCX,2559
15PCX,2591
15PCX,2592
15PCX,2593
15PCX,2599
15PCX,260
3PCX,2611
3PDX,270
15PCX,2722
15PCX,2723
3PCX,2723
17PBX,2723
3PDX,2732
15PCX,2749
15PBX,2754
3PEX,2755
3PEX,2756
3PDX,2757
3PEX,2757
3PEX,2759
15PCX,2764
15PCX,284
3PDX,290
15PBX,290
23PBX,2911
3PCX,2912
3PCX,2919
3PDX,292
3PDX,2931
3PDX,2932
3PDX,2933
3PDX,2939
3PDX,294
3PEX,294
3PDX,2951
3PDX,2952
3PDX,2953
3PDX,2954
3PDX,2959
15PBX,2991
3PDX,2992
3PDX,2999
15PBX,3001
3PDX,3001
15PCX,3009
3PDX,3009
3PDX,3021
3PDX,3022
99PDX,311
15PBX,311
99PDX,3121
99PDX,3129
3PDX,313
23PBX,3141
3PCX,3141
15PBX,3142
17PBX,3142
3PCX,3142
23PBX,3142
3PCX,3143
17PBX,3143
23PBX,3143
23PBX,3144
17PBX,3144
3PCX,3144
3PDX,3145
3PCX,3148
3PDX,315
3PDX,3161
3PDX,3162
3PDX,3163
3PDX,3164
3PDX,3169
15PBX,3169
3PDX,3171
3PDX,3172
15PDX,3173
3PDX,3174
3PDX,3175
3PDX,3179
15PBX,3179
15PBX,3191
3PDX,3192
3PDX,3199
23PBX,3201
15PDX,3209
23PBX,3228
15PDX,324
15PDX,3241
15PDX,3249
15PDX,325
15PDX,3250
15PDX,3259
15PBX,331
15PBX,3320
23PBX,3321
15PBX,3321
17PBX,3322
4PCX,3322
23PBX,3322
15PCX,3322
4PCX,3323
15PCX,3323
23PBX,3323
15PBX,3324
23PBX,3324
4PCX,3324
15PBX,3325
15PBX,3326
4PCX,3326
15PBX,3327
15PBX,3328
15PBX,3329
15PDX,3342
15PDX,3348
15PDX,3349
4PCX,3372
17PBX,3372
23PBX,3372
15PCX,3372
15PBX,3391
15PCX,3393
15PCX,3401
15PBX,3402
15PBX,3403
15PCX,3404
15PCX,3406
15PBX,3409
15PBX,341
3PDX,3422
15PCX,3423
15PCX,3428
15PBX,3451
15PBX,3452
15PBX,3484
15PCX,3491
15PCX,3492
15PBX,3499
15PDX,3500
15PDX,3501
15PDX,3502
15PDX,3503
15PDX,3504
15PEX,3510
15PEX,3511
15PEX,3512
15PEX,3513
15PEX,3514
15PEX,3526
15PEX,3534
15PEX,3539
15PDX,3541
15PEX,3542
15PEX,3551
15PEX,3553
5PEX,3553
15PEX,3554
15PEX,3561
15PEX,3562
5PEX,3562
15PEX,3563
15PEX,3571
15PEX,3572
15PEX,3573
15PEX,3582
15PEX,3583
15PEX,3584
15PEX,3592
15PEX,3593
15PDX,3596
5PCX,3601
5PGX,3601
5PCX,3602
5PGX,3602
15PBX,3604
5PCX,3605
5PFX,3605
5PDX,3606
5PDX,3607
5PEX,3610
5PEX,3611
5PEX,3612
5PEX,3613
5PEX,3614
5PEX,3615
5PEX,3616
5PEX,3617
5PEX,3619
15PDX,3699
15PCX,370
15PBX,3721
5PBX,3721
5PBX,3722
15PBX,3722
15PBX,3723
5PBX,3723
5PBX,3726
15PBX,3749
15PBX,3770
15PBX,3771
15PBX,3772
15PBX,3773
15PBX,3774
15PBX,3775
15PBX,3776
15PCX,3777
15PCX,3778
15PCX,3779
15PBX,3780
15PBX,3781
15PBX,3782
15PBX,3783
15PBX,3785
15PBX,3786
15PBX,3787
15PBX,3789
15PBX,3791
3PDX,3800
15PDX,3801
15PCX,3802
3PDX,3802
3PDX,3812
15PBX,3818
2PCX,3821
3PDX,3832
15PEX,3834
15PDX,3835
15PDX,3841
15PDX,3842
3PDX,3842
15PDX,3844
15PDX,3845
15PDX,3846
3PDX,3862
15PCX,3862
15PDX,3864
15PBX,3865
15PBX,3867
14PCX,387
15PBX,3880
3PDX,3882
15PDX,3884
15PDX,3885
15PBX,3886
15PCX,3891
15PCX,3892
15PCX,3893
15PCX,3894
15PDX,390
15PDX,3921
15PBX,3931
15PBX,3942
15PCX,3943
15PBX,3949
15PBX,3950
15PCX,3952
15PBX,3953
15PBX,3956
15PBX,3957
15PBX,3958
15PBX,3959
15PDX,3961
15PDX,3962
15PDX,3963
15PDX,3964
15PDX,3965
15PDX,3966
15PBX,398
5PJX,3990
15PBX,3990
15PCX,3995
10PBX,3995
3PDX,3998
14PCX,3998
3PDX,3999
14PCX,3999
3PDX,4011
3PDX,4019
3PDX,4021
3PDX,4023
3PDX,4029
3PDX,403
3PDX,4040
3PDX,4041
3PDX,4042
3PDX,4050
3PDX,4059
15PBX,4064
3PDX,409
17PBX,4131
15PCX,4138
3PDX,4201
15PBX,4209
3PDX,4209
15PDX,4210
3PDX,4210
15PBX,4211
3PDX,4211
3PDX,4212
15PDX,4219
3PDX,4219
3PDX,4221
17PBX,4222
23PBX,4222
6PBX,4222
6PBX,4223
15PCX,4223
23PBX,4223
17PBX,4223
3PCX,4223
17PBX,4224
3PCX,4224
23PBX,4224
6PBX,4224
3PDX,4225
3PDX,4231
3PDX,4232
23PBX,4233
6PBX,4233
17PBX,4233
3PDX,4239
3PDX,4240
15PDX,4241
3PDX,4241
3PDX,4242
15PDX,4251
3PDX,4251
3PDX,4252
15PDX,4252
3PDX,4253
3PDX,4254
3PDX,4255
3PDX,4256
3PDX,4258
15PDX,4258
15PDX,4259
3PDX,4259
15PDX,4261
3PDX,4261
3PDX,4262
3PDX,4263
3PDX,4264
3PDX,4265
3PDX,4266
3PDX,4268
3PDX,4269
3PDX,427
3PDX,4282
15PBX,4282
3PDX,4283
15PDX,4284
3PDX,4284
15PDX,4285
3PDX,4286
3PDX,4287
15PBX,4289
3PDX,4289
15PBX,4292
15PBX,430
15PBX,4311
15PBX,4319
3PDX,4319
15PBX,433
23PBX,4341
17PBX,4341
6PBX,4341
23PBX,4412
6PBX,4412
17PBX,4412
6PBX,4413
23PBX,4413
17PBX,4413
15PCX,4413
23PBX,4414
17PBX,4414
6PBX,4414
15PCX,4419
15PBX,4429
15PBX,4439
15PBX,4441
15PBX,445
15PBX,4461
15PCX,4462
15PBX,4463
15PBX,4464
15PBX,4466
15PBX,4469
15PBX,4499
15PBX,4500
15PBX,4501
15PBX,4502
15PBX,4503
6PBX,4512
17PBX,4512
23PBX,4512
6PBX,4513
17PBX,4513
23PBX,4513
17PBX,4514
15PBX,4514
23PBX,4514
6PBX,4514
15PBX,4515
6PBX,4516
23PBX,4516
17PBX,4516
15PBX,4519
17PBX,4522
23PBX,4522
6PBX,4522
15PBX,4523
17PBX,4523
6PBX,4523
23PBX,4523
23PBX,4524
6PBX,4524
17PBX,4524
6PBX,4525
17PBX,4525
23PBX,4525
15PCX,4525
15PBX,4526
15PBX,4527
15PCX,4528
23PBX,4530
6PBX,4530
17PBX,4530
15PBX,4531
15PBX,4532
15PBX,4533
15PBX,4534
15PBX,4541
17PBX,4542
6PBX,4542
23PBX,4542
23PBX,4543
17PBX,4543
6PBX,4543
15PBX,4551
15PDX,4561
15PDX,4562
15PDX,4563
15PDX,4571
15PDX,4572
15PDX,4573
15PDX,4574
15PDX,4575
15PBX,4576
15PBX,4579
15PDX,458
15PDX,4581
15PDX,4582
15PDX,4583
15PBX,4590
15PDX,4591
15PDX,4592
15PDX,4593
15PDX,4594
15PDX,4595
15PBX,4601
15PBX,4602
15PBX,4603
15PBX,4610
15PBX,4611
15PBX,4613
15PBX,4614
15PBX,4620
15PBX,4621
15PBX,4622
15PBX,4623
15PBX,4624
15PBX,4631
15PBX,4632
15PBX,4639
15PBX,4640
15PBX,4641
15PBX,4642
15PBX,4643
15PBX,4651
15PBX,4652
15PBX,4662
15PBX,4671
15PBX,4673
15PBX,4674
15PBX,4675
15PBX,4679
15PBX,4680
15PBX,4681
15PBX,4682
15PCX,4685
15PCX,4686
15PCX,4687
15PBX,4693
15PBX,4694
15PBX,4699
15PBX,4709
15PBX,472
15PBX,480
17PBX,4822
6PBX,4822
23PBX,4822
23PBX,4823
17PBX,4823
6PBX,4823
15PCX,4824
17PBX,4824
23PBX,4824
6PBX,4824
15PCX,4825
17PBX,4826
6PBX,4826
15PBX,4832
15PCX,4835
6PBX,4836
17PBX,4836
23PBX,4836
15PDX,4840
15PDX,4841
15PDX,4842
15PDX,4843
15PDX,4849
15PBX,4861
15PDX,4865
15PBX,4869
14PCX,4871
15PCX,4873
15PBX,4874
15PBX,4879
14PCX,4879
15PBX,4899
15PCX,4903
15PCX,4904
15PCX,4912
17PBX,4921
6PBX,4921
23PBX,4921
17PBX,4922
6PBX,4922
6PBX,4923
17PBX,4923
15PCX,4923
17PBX,4931
23PBX,4931
6PBX,4931
15PCX,4939
14PJX,4939
14PJX,4944
14PJX,4945
14PCX,4946
14PCX,4959
15PCX,4971
15PBX,4973
15PBX,4975
15PBX,4976
14PCX,4979
15PBX,4979
15PCX,4991
15PCX,4993
15PCX,4999
6PBX,5011
17PBX,5011
7PDX,5011
15PBX,5012
7PDX,5013
6PBX,5013
17PBX,5013
15PDX,503
15PBX,5061
17PBX,5110
7PDX,5110
6PBX,5110
7PBX,5110
23PBX,5110
23PBX,5111
15PCX,5111
7PBX,5111
6PBX,5111
7PDX,5111
17PBX,5111
17PBX,5112
7PDX,5112
23PBX,5114
7PBX,5114
6PBX,5114
17PBX,5114
7PDX,5114
7PBX,5115
15PBX,5122
15PDX,5131
15PDX,5132
15PDX,5133
15PDX,5134
15PBX,5135
15PDX,5136
15PDX,5137
15PDX,5139
15PBX,5163
7PDX,5164
7PBX,5164
17PBX,5164
23PBX,5164
23PBX,5184
7PBX,5184
7PBX,5185
23PBX,5185
23PBX,5186
7PBX,5186
7PBX,5187
23PBX,5187
7PBX,5188
7PBX,5196
7PBX,5198
7PDX,5211
17PBX,5211
17PBX,5213
7PDX,5213
23PBX,5213
23PBX,5214
7PDX,5214
17PBX,5214
17PBX,5221
7PDX,5221
23PBX,5221
15PDX,5251
15PDX,5253
15PDX,5259
15PDX,526
23PBX,5293
23PBX,5297
23PBX,5298
15PCX,5300
15PBX,5301
15PCX,5302
15PBX,5310
15PBX,5311
15PBX,5312
15PBX,5313
15PBX,5341
15PBX,5342
15PBX,5343
15PBX,5349
15PBX,5359
15PBX,5363
15PBX,5369
15PDX,537
15PDX,5371
15PDX,5372
15PDX,5375
15PDX,5380
15PBX,5381
15PDX,5383
15PDX,5384
15PCX,539
15PCX,540
15PBX,5411
14PDX,5411
14PCX,5412
15PBX,5412
15PBX,5419
17PBX,5421
15PCX,5421
6PBX,5421
7PDX,5421
14PDX,5421
17PBX,5424
7PDX,5424
6PBX,5424
15PCX,5425
15PCX,543
15PBX,544
14PCX,544
15PBX,5451
15PBX,5459
15PBX,5461
15PBX,5462
15PBX,5463
15PCX,5464
15PDX,5471
15PBX,5472
15PBX,5474
15PCX,5491
15PBX,5493
15PBX,5494
15PBX,5495
15PBX,5498
15PBX,5502
15PBX,5503
15PCX,5511
17PBX,5521
11PCX,5521
23PBX,5521
11PCX,5522
17PBX,5522
23PBX,5522
11PCX,5523
15PCX,5523
17PBX,5523
15PCX,5529
15PBX,5551
15PBX,5587
11PCX,5631
17PBX,5631
23PBX,5631
11PCX,5632
17PBX,5632
11PCX,5633
17PBX,5633
11PCX,5635
17PBX,5635
14PCX,5682
14PCX,5684
14PCX,5685
14PCX,5689
15PCX,5711
15PCX,5718
15PBX,5721
17PBX,5731
12PBX,5731
23PBX,5731
11PCX,5731
23PBX,5732
11PCX,5732
12PBX,5732
15PBX,5732
17PBX,5732
15PCX,5751
14PCX,5781
14PCX,5784
14PCX,5785
15PBX,5786
14PCX,5787
15PBX,5787
14PCX,5788
15PCX,5789
14PCX,5789
15PCX,5794
15PBX,5799
15PCX,580
17PBX,5821
12PBX,5821
23PBX,5822
15PCX,5822
17PBX,5822
12PBX,5822
17PBX,5823
12PBX,5823
12PBX,5824
17PBX,5824
12PBX,5831
17PBX,5831
14PCX,5841
15PBX,5841
15PBX,5843
14PCX,5843
14PCX,5844
14PCX,5847
14PCX,5849
15PCX,5972
15PCX,598
12PBX,6011
17PBX,6013
12PBX,6013
15PCX,610
12PBX,6111
17PBX,6111
17PBX,6211
12PBX,6211
15PCX,623
15PCX,625
12PBX,6301
17PBX,6301
15PCX,631
15PCX,640
15PCX,642
15PCX,6492
14PDX,6541
14PDX,6549
15PBX,6549
14PCX,6551
14PCX,6552
14PCX,6553
14PCX,6554
14PCX,6561
14PCX,6562
14PDX,6563
14PDX,6564
14PDX,6601
14PDX,6602
14PGX,6621
14PGX,6622
14PGX,6629
14PGX,6631
14PGX,6632
14PGX,6639
14PCX,664
14PDX,664
14PCX,6651
14PDX,6651
14PCX,6652
14PDX,6652
14PDX,6661
14PDX,6662
14PCX,6663
14PDX,6663
14PCX,6669
14PCX,6692
14PCX,6697
14PJX,6711
14PJX,6712
14PJX,6719
14PJX,6731
14PJX,6732
14PJX,6739
14PCX,6751
14PCX,6759
14PCX,6761
14PCX,6762
14PCX,6769
14PCX,680
23PBX,6812
14PCX,6829
14PDX,6831
14PCX,6831
14PFX,6831
14PCX,6839
14PFX,6839
14PDX,6839
14PDX,684
14PFX,684
14PCX,684
14PCX,6841
14PCX,6849
14PCX,689
14PEX,6901
14PEX,6902
14PJX,6902
14PEX,6909
14PJX,6909
14PCX,6923
14PCX,6929
14PCX,6941
14PCX,6949
14PEX,6951
14PJX,6952
14PEX,6952
14PEX,6959
14PJX,6995
14PCX,6999
14PDX,7012
14PJX,7013
14PJX,7014
13PBX,7021
23PBX,7021
17PBX,7021
17PBX,7022
13PBX,7022
23PBX,7022
14PJX,7024
14PJX,7029
14PJX,7031
14PJX,7033
14PJX,7050
14PJX,7053
14PJX,7071
14PCX,7072
14PCX,7073
14PCX,7074
14PCX,7075
14PJX,7076
14PCX,7077
14PCX,7078
14PCX,7079
14PJX,7091
14PJX,7101
14PJX,7109
15PCX,7109
14PJX,7111
14PJX,7119
14PJX,7122
14PJX,7123
14PJX,7124
14PJX,7129
14PJX,713
14PJX,7171
14PJX,7179
14PJX,718
14PJX,719
14PHX,720
14PHX,721
14PHX,7221
14PHX,7229
14PHX,7231
14PHX,7239
14PHX,724
14PHX,7251
14PHX,7252
14PHX,7253
14PHX,7254
14PHX,7271
14PHX,7279
14PHX,7321
14PHX,7322
14PHX,733
14PHX,738
14PHX,7391
14PHX,7392
14PCX,7394
14PBX,740
14PBX,741
14PBX,742
14PDX,743
14PBX,744
14PFX,7491
14PDX,7491
14PBX,7499
14PEX,750
14PHX,751
14PHX,752
14PHX,7531
14PHX,7533
14PHX,7537
14PHX,754
14PCX,7550
14PCX,7551
14PCX,7552
14PCX,7561
14PHX,7562
14PHX,757
14PHX,7591
14PHX,7592
14PCX,7593
14PHX,7594
14PJX,7599
3PDX,7601
3PDX,7609
3PDX,7611
3PDX,7619
3PDX,762
3PDX,7631
3PDX,7639
3PEX,7641
3PDX,7641
3PDX,7642
3PEX,7643
3PDX,7643
3PEX,7644
3PDX,7644
3PDX,7645
3PDX,7646
3PEX,7646
3PDX,765
3PDX,7661
3PDX,7662
3PDX,7663
3PDX,7664
3PDX,7665
3PDX,7666
3PDX,7667
3PDX,7668
3PDX,7669
3PDX,7670
15PCX,7671
3PDX,7672
3PDX,7674
15PBX,7676
3PDX,7676
3PDX,7677
3PDX,7679
2PCX,7679
3PDX,7691
3PDX,7692
2PCX,7692
3PDX,7694
3PDX,7697
3PDX,7699
3PDX,7719
3PDX,7730
3PDX,7740
3PDX,7749
3PDX,7769
15PCX,7769
3PDX,7779
15PCX,7789
3PDX,7789
3PDX,7799
15PBX,7895
15PCX,7901
15PCX,7902
15PCX,7905
15PCX,7908
3PDX,7929
15PCX,7935
3PDX,7939
3PDX,7969
15PBX,7971
15PCX,7975
15PCX,7976
15PCX,7979
15PBX,8015
15PBX,8016
15PCX,8140
8PCX,8151
8PCX,8152
8PCX,8153
8PDX,8154
8PDX,8155
8PEX,8156
15PCX,8191
15PCX,8291
15PCX,8302
3PDX,8302
15PCX,8313
15PCX,8321
3PDX,8339
15PCX,8345
3PDX,8349
15PCX,8349
15PCX,8377
15PCX,8384
15PCX,8388
15PCX,8389
15PCX,8396
15PCX,8401
15PCX,8402
17PBX,8511
9PCX,8511
15PCX,8521
9PDX,857
9PDX,8570
9PDX,8571
9PDX,8572
9PDX,8573
9PDX,8574
9PDX,8575
9PDX,8576
9PDX,8579
17PBX,8591
9PCX,8591
15PCX,8596
15PCX,8605
15PCX,8607
15PCX,8611
15PCX,8621
15PCX,8622
3PDX,8622
2PCX,8622
9PBX,8622>1
24PBX,8622>1
15PCX,8623
3PDX,864
15PBX,864
15PCX,8659
15PBX,8660
15PBX,8661
15PBX,8663
3PDX,8663
3PDX,8666
3PDX,8667
3PDX,8669
15PBX,8669
3PEX,8670
15PBX,8670
3PDX,8670
15PBX,8671
3PEX,8671
3PDX,8671
3PDX,8672
3PEX,8672
15PBX,8672
3PEX,8673
3PDX,8674
3PEX,8674
3PEX,8675
15PBX,8675
3PDX,8675
3PDX,8681
3PDX,8682
15PCX,8684
3PDX,8684
15PCX,8689
3PDX,8689
3PDX,8691
3PDX,8693
1PBX,8701
17PBX,8701
17PBX,8702
1PBX,8702
3PCX,8703
4PCX,8703
1PBX,8703
17PBX,8703
15PCX,8703
1PBX,8704
17PBX,8704
17PBX,8706
1PBX,8706
17PBX,8714
1PBX,8714
1PBX,8715
17PBX,8715
1PBX,8721
8PFX,8721
17PBX,8721
9PCX,8735
17PBX,8735
17PBX,8736
9PCX,8736
17PBX,8737
9PCX,8737
1PBX,8741
15PCX,8741
9PCX,8741
17PBX,8741
4PCX,8741
7PDX,8751
17PBX,8751
17PBX,8752
7PDX,8752
17PBX,8754
7PDX,8754
7PDX,8759
17PBX,8759
6PBX,8761
17PBX,8761
1PBX,8762
6PBX,8762
17PBX,8762
1PBX,8763
17PBX,8763
6PBX,8763
17PBX,8764
6PBX,8764
1PBX,8764
6PBX,8765
17PBX,8765
17PBX,8766
7PDX,8766
11PCX,8771
17PBX,8771
15PCX,8771
17PBX,8772
11PCX,8772
13PBX,8773
12PBX,8773
17PBX,8773
11PCX,8773
17PBX,8775
11PCX,8775
12PBX,8776
11PCX,8776
17PBX,8776
13PBX,8777
17PBX,8791
12PBX,8791
12PBX,8793
17PBX,8793
7PDX,8801
15PCX,8801
17PBX,8801
4PCX,8801
11PCX,8801
1PBX,8801
12PBX,8801
13PBX,8801
6PBX,8801
7PDX,8802
6PBX,8802
17PBX,8802
17PBX,8804
6PBX,8804
7PDX,8804
17PBX,8834
9PCX,8834
17PBX,8836
17PBX,8838
8PFX,8838
1PBX,8841
17PBX,8841
17PBX,8845
11PCX,8845
17PBX,8847
6PBX,8847
7PDX,8847
17PBX,8848
8PFX,8848
15PBX,8852
5PBX,8852
5PBX,8853
15PBX,8853
5PBX,8854
15PBX,8854
15PBX,8855
5PBX,8855
5PBX,8856
15PBX,8857
5PBX,8857
5PBX,8858
17PBX,8861
1PBX,8861
17PBX,8864
7PDX,8864
6PBX,8865
17PBX,8865
15PCX,8871
1PBX,8871
17PBX,8871
15PCX,8872
9PCX,8873
17PBX,8873
7PDX,8874
17PBX,8874
6PBX,8874
17PBX,8875
15PCX,8875
11PCX,8875
15PCX,8876
17PBX,8876
1PBX,8876
6PBX,8876
13PBX,8879
12PBX,8879
17PBX,8879
1PBX,8891
15PCX,8891
3PCX,8891
17PBX,8891
9PCX,8892
17PBX,8892
15PBX,8892
1PBX,8893
17PBX,8893
8PFX,8893
15PCX,8893
17PBX,8894
1PBX,8894
15PCX,8894
8PFX,8894
17PBX,8895
8PFX,8895
11PCX,8895
13PBX,8895
15PCX,8895
12PBX,8895
13PBX,8897
6PBX,8897
7PDX,8897
1PBX,8897
3PCX,8897
17PBX,8897
11PCX,8897
12PBX,8897
15PCX,8964
11PCX,9202
12PBX,9202
8PFX,9202
17PBX,9202
7PDX,9202
9PCX,9202
13PBX,9202
6PBX,9204
17PBX,9204
17PBX,9211
1PBX,9211
17PBX,9212
1PBX,9212
4PCX,9214
11PCX,9214
12PBX,9214
8PFX,9214
7PDX,9214
13PBX,9214
9PCX,9214
17PBX,9214
1PBX,9214
6PBX,9214
17PBX,9216
9PCX,9216
13PBX,9218
12PBX,9218
8PFX,9218
9PCX,9218
17PBX,9218
7PDX,9218
6PBX,9218
1PBX,9218
99PEX,9223
15PCX,9223
99PEX,9224
99PEX,9225
3PDX,9227
99PEX,9227
99PEX,9228
99PEX,9229
99PEX,9230
99PEX,9231
99PEX,9232
99PEX,9241
15PBX,9390
15PCX,9391
19PBX,9427
2PCX,9504
1PBX,9523
17PBX,9523
1PBX,9525
17PBX,9525
1PBX,9541
17PBX,9541
15PCX,9623
15PCX,9635
28PBX,9671
15PBX,9671
15PDX,9672
99PCX,9672
15PCX,9762
15PCX,9802
11PBX,9851
15PCX,9901
99PBX,9903
15PCX,9903
15PCX,9904
99PBX,9904
99PBX,9905
15PCX,9905
15PCX,9906
16PBX,9906
15PCX,9907
15PCX,9909
5PHX,9910
15PCX,9914
15PCX,9915
5PHX,9920
99PFX,9925
15PCX,9960
15PCX,9962
25DX,A020
15CX,A020
15BX,A021
25DX,A021
15CX,A022
25DX,A022
25DX,A028
25DX,A029
15CX,A030
15CX,A031
15CX,A032
15CX,A033
15CX,A038
15CX,A039
15CX,A040
15CX,A041
15CX,A042
15CX,A043
15CX,A044
15CX,A048
15CX,A049
25DX,A072
25DX,A073
15CX,A080
15CX,A083
15CX,A084
15CX,A09
25DX,A09
25DX,A090
15CX,A090
15CX,A099
25DX,A099
15BX,A150
25DX,A150
25DX,A151
25DX,A152
25DX,A153
25DX,A154
25DX,A155
25DX,A156
25DX,A157
15BX,A157
25DX,A158
25DX,A159
25DX,A160
15BX,A160
25DX,A161
25DX,A162
15BX,A162
25DX,A163
25DX,A164
25DX,A165
25DX,A167
25DX,A168
25DX,A169
25DX,A170
25DX,A171
25DX,A178
25DX,A179
25DX,A180
25DX,A181
25DX,A182
25DX,A183
25DX,A184
25DX,A185
25DX,A186
25DX,A187
25DX,A188
25DX,A190
25DX,A191
25DX,A192
25DX,A198
25DX,A199
15BX,A241
25DX,A310
25DX,A311
25DX,A318
25DX,A319
15BX,A33
25DX,A400
25DX,A401
25DX,A402
25DX,A403
25DX,A408
25DX,A409
25DX,A410
15BX,A410
25DX,A411
15BX,A411
15BX,A412
25DX,A412
25DX,A413
25DX,A414
25DX,A415
15BX,A415
15CX,A418
25DX,A418
15CX,A419
25DX,A419
25DX,A420
25DX,A421
25DX,A422
25DX,A427
25DX,A428
25DX,A429
25DX,A430
25DX,A431
25DX,A438
25DX,A439
25DX,A481
25DX,A482
15BX,A490
15BX,A498
15CX,A499
15CX,A500
15CX,A501
15CX,A502
15CX,A509
15CX,A543
25DX,A600
25DX,A601
25DX,A609
15CX,A740
25BX,A812
25BX,A818
25BX,A819
25BX,A850
25BX,A851
25BX,A858
25BX,A86
15BX,A870
25BX,A870
15BX,A871
25BX,A871
25BX,A878
15BX,A878
25BX,A879
15BX,A879
15CX,A970
15CX,A971
18BX,A972
25DX,B000
25DX,B001
25DX,B002
25DX,B003
25DX,B004
25DX,B005
25DX,B007
25DX,B008
25DX,B009
15CX,B019
25DX,B020
25DX,B021
25DX,B022
25DX,B023
25DX,B027
25DX,B028
25DX,B029
15CX,B09
15CX,B169
0CX,B181
0CX,B182
25DX,B200
25DX,B201
25DX,B202
25DX,B203
25DX,B204
25DX,B205
25DX,B206
25DX,B207
25DX,B208
25DX,B209
25CX,B210
25CX,B211
25CX,B212
25CX,B213
25CX,B217
25CX,B218
25CX,B219
25BX,B220
25DX,B230
15CX,B24
25DX,B250
25DX,B251
25DX,B252
25DX,B258
25DX,B259
15CX,B349
15CX,B354
15CX,B356
15CX,B359
25DX,B370
15CX,B370
15CX,B3700
25DX,B3700
15CX,B3701
25DX,B3701
15CX,B3702
25DX,B3702
15CX,B3703
25DX,B3703
15CX,B3704
25DX,B3704
25DX,B3705
15CX,B3705
25DX,B3706
15CX,B3706
25DX,B3708
15CX,B3708
25DX,B3709
15CX,B3709
25DX,B371
15CX,B372
15CX,B373
15CX,B374
25DX,B374
15BX,B375
25DX,B375
25DX,B376
15BX,B376
25DX,B377
15BX,B377
25DX,B378
15CX,B379
25DX,B380
25DX,B381
25DX,B382
25DX,B383
25DX,B384
25DX,B387
25DX,B388
25DX,B389
25DX,B390
25DX,B391
25DX,B392
25DX,B393
25DX,B394
25DX,B395
25DX,B399
25DX,B440
25DX,B441
25DX,B442
25DX,B447
25DX,B448
25DX,B449
25DX,B450
25DX,B451
25DX,B452
25DX,B453
25DX,B457
25DX,B458
25DX,B459
25DX,B460
25DX,B461
25DX,B462
25DX,B463
25DX,B464
25DX,B465
25DX,B487
15CX,B500
15CX,B508
15CX,B509
15CX,B510
15CX,B518
15CX,B519
15CX,B520
15CX,B528
15CX,B529
15CX,B530
15CX,B531
15CX,B538
25DX,B580
25DX,B581
25DX,B582
25DX,B583
25DX,B588
25DX,B589
25DX,B485
25DX,B600
25DX,B601
25DX,B602
25DX,B608
25DX,B780
25DX,B781
25DX,B787
25DX,B788
25DX,B789
15CX,B955
15CX,B956
15BX,B957
15CX,B958
15BX,B961
15BX,B962
15CX,B964
15BX,B965
15BX,B968
15CX,B978
15BX,B980
15BX,B981
3BX,C000
3BX,C001
3BX,C002
3BX,C003
3BX,C004
3BX,C005
3BX,C006
3BX,C008
3BX,C009
3BX,C01
3BX,C020
3BX,C021
3BX,C0210
3BX,C0211
3BX,C0219
3BX,C022
3BX,C023
3BX,C024
3BX,C028
3BX,C029
3BX,C030
3BX,C031
3BX,C039
3BX,C040
3BX,C041
3BX,C048
3BX,C049
3BX,C050
3BX,C051
3BX,C052
3BX,C058
3BX,C059
3BX,C060
3BX,C061
3BX,C0610
3BX,C0611
3BX,C0612
3BX,C0613
3BX,C0614
3BX,C0615
3BX,C0619
3BX,C062
3BX,C0620
3BX,C0621
3BX,C0629
3BX,C068
3BX,C069
3BX,C07
3BX,C080
3BX,C081
3BX,C088
3BX,C089
3BX,C090
3BX,C091
3BX,C098
3BX,C099
3BX,C100
0EX,C100
3BX,C101
0EX,C101
0EX,C102
3BX,C102
0EX,C103
3BX,C103
0EX,C104
3BX,C104
0EX,C108
3BX,C108
3BX,C109
0EX,C109
3BX,C110
3BX,C111
3BX,C112
3BX,C113
3BX,C118
3BX,C119
3BX,C12
3BX,C130
3BX,C131
3BX,C132
3BX,C138
3BX,C139
3BX,C140
3BX,C141
3BX,C142
3BX,C148
6BX,C150
6BX,C151
6BX,C152
6BX,C153
6BX,C154
6BX,C155
6BX,C158
6BX,C159
6BX,C160
6BX,C161
6BX,C162
6BX,C163
6BX,C164
6BX,C165
6BX,C166
6BX,C168
6BX,C169
6BX,C170
6BX,C171
6BX,C172
6BX,C173
6BX,C178
6BX,C179
28EX,C180
6BX,C180
6CX,C181
28EX,C181
6BX,C181
6BX,C182
28EX,C182
28EX,C183
6BX,C183
6BX,C184
28EX,C184
28EX,C185
6BX,C185
6BX,C186
28EX,C186
6BX,C187
28EX,C187
28EX,C188
6BX,C188
6BX,C189
28EX,C189
6BX,C19
28EX,C19
28EX,C20
6BX,C20
6BX,C210
6BX,C211
6BX,C212
6BX,C218
0CX,C220
28EX,C221
6BX,C260
6BX,C268
6BX,C269
3BX,C300
3BX,C301
3BX,C310
3BX,C311
3BX,C312
3BX,C313
3BX,C318
3BX,C319
3BX,C320
28EX,C321
3BX,C321
3BX,C322
3BX,C323
3BX,C328
3BX,C329
0EX,C340
28EX,C340
0EX,C341
28EX,C341
0EX,C342
28EX,C342
0EX,C343
28EX,C343
28EX,C348
0EX,C348
28EX,C349
0EX,C349
3BX,C390
0EX,C400
0EX,C401
0EX,C402
0EX,C403
0EX,C408
0EX,C409
25CX,C440
25CX,C441
25CX,C442
25CX,C443
25CX,C444
25CX,C445
25CX,C446
25CX,C447
25CX,C448
25CX,C449
6BX,C451
25CX,C460
25CX,C461
25CX,C462
3BX,C462
25CX,C463
25CX,C467
25CX,C468
25CX,C469
0EX,C470
0EX,C471
0EX,C472
0EX,C473
0EX,C474
0EX,C475
0EX,C476
0EX,C478
0EX,C479
6BX,C481
6BX,C482
6BX,C488
28EX,C500
0EX,C500
0EX,C501
28EX,C501
28EX,C502
0EX,C502
0EX,C503
28EX,C503
0EX,C504
28EX,C504
0EX,C505
28EX,C505
28EX,C506
0EX,C506
0EX,C508
28EX,C508
0EX,C509
28EX,C509
28EX,C530
28EX,C531
28EX,C538
28EX,C539
0EX,C56
28EX,C56
28EX,C61
0EX,C620
0EX,C621
0EX,C629
0EX,C64
28EX,C679
0EX,C710
0EX,C711
0EX,C712
0EX,C713
0EX,C714
0EX,C715
0EX,C716
0EX,C717
0EX,C718
0EX,C719
0EX,C720
0EX,C721
0EX,C722
0EX,C723
0EX,C724
0EX,C725
0EX,C728
0EX,C729
0EX,C749
3BX,C760
6BX,C762
6BX,C784
6BX,C785
6BX,C786
6BX,C788
28EX,C810
0EX,C810
0EX,C811
28EX,C811
0EX,C812
28EX,C812
0EX,C813
28EX,C813
28EX,C814
0EX,C814
28EX,C817
0EX,C817
0EX,C819
28EX,C819
0EX,C820
28EX,C820
28EX,C821
0EX,C821
28EX,C822
0EX,C822
25CX,C822
28EX,C823
25CX,C823
0EX,C823
28EX,C824
0EX,C824
25CX,C824
0EX,C825
28EX,C825
0EX,C826
28EX,C826
0EX,C827
28EX,C827
0EX,C829
28EX,C829
0EX,C830
25CX,C830
28EX,C830
0EX,C831
28EX,C831
0EX,C832
28EX,C832
25CX,C832
0EX,C833
25CX,C833
28EX,C833
0EX,C834
28EX,C834
25CX,C834
25CX,C835
0EX,C835
28EX,C835
0EX,C836
25CX,C836
28EX,C836
0EX,C837
28EX,C837
25CX,C837
0EX,C838
25CX,C838
28EX,C838
25CX,C8380
28EX,C8380
0EX,C8380
28EX,C8381
0EX,C8381
25CX,C8381
25CX,C8388
0EX,C8388
28EX,C8388
25CX,C839
28EX,C839
0EX,C839
28EX,C840
0EX,C840
0EX,C841
28EX,C841
25CX,C842
0EX,C842
28EX,C842
0EX,C843
25CX,C843
28EX,C843
0EX,C844
25CX,C844
28EX,C844
0EX,C8440
28EX,C8440
25CX,C8440
28EX,C8441
0EX,C8441
25CX,C8441
25CX,C8442
28EX,C8442
0EX,C8442
0EX,C8443
28EX,C8443
25CX,C8443
0EX,C8448
28EX,C8448
25CX,C8448
28EX,C8449
0EX,C8449
25CX,C8449
25CX,C845
28EX,C845
0EX,C845
0EX,C846
28EX,C846
25CX,C846
0EX,C847
25CX,C847
28EX,C847
25CX,C848
28EX,C848
0EX,C848
28EX,C849
25CX,C849
0EX,C849
28EX,C850
0EX,C850
25CX,C851
0EX,C851
28EX,C851
0EX,C852
28EX,C852
28EX,C857
0EX,C857
0EX,C859
25CX,C859
28EX,C859
0EX,C860
28EX,C860
25CX,C860
25CX,C861
28EX,C861
0EX,C861
28EX,C862
25CX,C862
0EX,C862
25CX,C863
28EX,C863
0EX,C863
25CX,C864
0EX,C864
28EX,C864
28EX,C865
25CX,C865
0EX,C865
0EX,C866
25CX,C866
28EX,C866
0EX,C880
0EX,C881
0EX,C882
0EX,C883
0EX,C884
0EX,C887
0EX,C889
28EX,C900
0EX,C900
0EX,C901
0EX,C902
0EX,C903
15BX,C910
28EX,C910
0EX,C910
0EX,C911
0EX,C912
0EX,C913
0EX,C914
0EX,C915
0EX,C916
0EX,C917
0EX,C918
0EX,C919
0EX,C920
15BX,C920
0EX,C921
0EX,C922
0EX,C923
0EX,C924
0EX,C925
0EX,C926
0EX,C927
0EX,C928
0EX,C929
0EX,C930
0EX,C931
0EX,C932
0EX,C933
0EX,C937
0EX,C939
0EX,C940
0EX,C941
0EX,C942
0EX,C943
0EX,C944
0EX,C945
0EX,C946
0EX,C947
0EX,C950
0EX,C951
0EX,C952
0EX,C957
0EX,C959
0EX,C960
0EX,C961
0EX,C962
0EX,C963
0EX,C964
0EX,C965
0EX,C966
0EX,C967
0EX,C968
0EX,C969
5PGX,CK028
5PFX,CK029
5PFX,CK030
5PFX,CK031
3BX,D000
6BX,D001
6BX,D002
6BX,D010
6BX,D011
6BX,D012
6BX,D013
6BX,D014
6BX,D017
6BX,D019
3BX,D020
15BX,D137
15CX,D180
15CX,D1800
15CX,D1801
15CX,D1802
15CX,D1803
15CX,D1804
15CX,D1807
15CX,D1808
15CX,D1809
15CX,D181
15BX,D350
3BX,D370
6BX,D371
6BX,D372
6BX,D373
6BX,D374
6BX,D375
6BX,D377
6BX,D379
3BX,D380
28EX,D392
0EX,D460
0EX,D461
0EX,D462
0EX,D463
0EX,D464
0EX,D465
0EX,D466
0EX,D467
0EX,D469
0EX,D474
0EX,D475
6BX,D483
6BX,D484
15CX,D500
0EX,D512
0EX,D530
15CX,D551
15CX,D559
0EX,D560
0EX,D561
0EX,D570
0EX,D571
0EX,D572
15CX,D589
0EX,D595
15CX,D598
15CX,D599
0EX,D600
0EX,D601
0EX,D608
0EX,D609
0EX,D610
0EX,D611
0EX,D612
0EX,D613
0EX,D618
0EX,D619
15CX,D62
15CX,D638
15BX,D65
15BX,D66
15BX,D67
15BX,D682
15BX,D684
0EX,D691
15CX,D695
15CX,D696
0EX,D70
15BX,D70
0EX,D71
15CX,D728
15CX,D751
15CX,D759
0EX,D810
0EX,D811
0EX,D812
0EX,D819
0EX,D820
15CX,D821
15CX,E031
15CX,E038
15CX,E039
15CX,E161
15CX,E162
15BX,E200
15BX,E201
15BX,E208
15BX,E209
15CX,E250
15CX,E259
15CX,E46
15BX,E700
15BX,E701
0EX,E703
15BX,E709
15BX,E710
0EX,E711
0EX,E713
15BX,E729
15CX,E730
15CX,E731
15CX,E739
0EX,E740
0EX,E752
0EX,E760
0EX,E761
0EX,E771
15CX,E785
0EX,E791
0EX,E798
15CX,E806
15CX,E835
15CX,E841
15CX,E86
15CX,E870
15CX,E871
15CX,E872
15CX,E875
15CX,E876
15CX,E877
15CX,E878
15CX,E880
14CX,F000
14CX,F0000
14CX,F0001
14CX,F0002
14CX,F0003
14CX,F0004
14CX,F002
14CX,F0020
14CX,F0021
14CX,F0022
14CX,F0023
14CX,F0024
14CX,F009
14CX,F0090
14CX,F0091
14CX,F0092
14CX,F0093
14CX,F0094
14CX,F010
14CX,F0100
14CX,F0101
14CX,F0102
14CX,F0103
14CX,F0104
14CX,F011
14CX,F0110
14CX,F0111
14CX,F0112
14CX,F0113
14CX,F0114
14CX,F012
14CX,F0120
14CX,F0121
14CX,F0122
14CX,F0123
14CX,F0124
14CX,F013
14CX,F0130
14CX,F0131
14CX,F0132
14CX,F0133
14CX,F0134
14CX,F018
14CX,F0180
14CX,F0181
14CX,F0182
14CX,F0183
14CX,F0184
14CX,F019
14CX,F0190
14CX,F0191
14CX,F0192
14CX,F0193
14CX,F0194
14CX,F020
14CX,F0200
14CX,F0201
14CX,F0202
14CX,F0203
14CX,F0204
14CX,F021
14CX,F0210
14CX,F0211
14CX,F0212
14CX,F0213
14CX,F0214
14CX,F022
14CX,F0220
14CX,F0221
14CX,F0222
14CX,F0223
14CX,F0224
14CX,F023
14CX,F0230
14CX,F0231
14CX,F0232
14CX,F0233
14CX,F0234
25BX,F024
14CX,F024
25BX,F0240
14CX,F0240
14CX,F0241
25BX,F0241
25BX,F0242
14CX,F0242
25BX,F0243
14CX,F0243
14CX,F0244
25BX,F0244
14CX,F03
14CX,F030
14CX,F031
14CX,F032
14CX,F033
14CX,F034
14CX,F04
14CX,F050
14CX,F051
25BX,F051
14CX,F058
14CX,F059
14CX,F060
14CX,F061
14CX,F062
14CX,F063
14CX,F0630
14CX,F0631
14CX,F0632
14CX,F0633
14CX,F064
14CX,F065
14CX,F066
25BX,F068
25BX,F069
14CX,F070
1BX,F072
25BX,F079
14CX,F100
14CX,F1000
14CX,F1001
14CX,F1002
14CX,F1003
14CX,F1004
14CX,F1005
14CX,F1006
14CX,F1007
14CX,F101
14CX,F102
14CX,F1020
14CX,F1021
14CX,F1022
14CX,F1023
14CX,F1024
14CX,F1025
14CX,F1026
14CX,F103
14CX,F1030
14CX,F1031
14CX,F104
14CX,F1040
14CX,F1041
14CX,F105
14CX,F1050
14CX,F1051
14CX,F1052
14CX,F1053
14CX,F1054
14CX,F1055
14CX,F1056
14CX,F106
14CX,F107
14CX,F1070
14CX,F1071
14CX,F1072
14CX,F1073
14CX,F1074
14CX,F1075
14CX,F108
14CX,F109
14CX,F110
14CX,F1100
14CX,F1101
14CX,F1102
14CX,F1103
14CX,F1104
14CX,F1105
14CX,F1106
14CX,F1107
14CX,F111
14CX,F112
14CX,F1120
14CX,F1121
14CX,F1122
14CX,F1123
14CX,F1124
14CX,F1125
14CX,F1126
14CX,F113
14CX,F1130
14CX,F1131
14CX,F114
14CX,F1140
14CX,F1141
14CX,F115
14CX,F1150
14CX,F1151
14CX,F1152
14CX,F1153
14CX,F1154
14CX,F1155
14CX,F1156
14CX,F116
14CX,F117
14CX,F1170
14CX,F1171
14CX,F1172
14CX,F1173
14CX,F1174
14CX,F1175
14CX,F118
14CX,F119
14CX,F123
14CX,F1230
14CX,F1231
14CX,F124
14CX,F1240
14CX,F1241
14CX,F125
14CX,F1250
14CX,F1251
14CX,F1252
14CX,F1253
14CX,F1254
14CX,F1255
14CX,F1256
14CX,F126
14CX,F127
14CX,F1270
14CX,F1271
14CX,F1272
14CX,F1273
14CX,F1274
14CX,F1275
14CX,F128
14CX,F129
14CX,F130
14CX,F1300
14CX,F1301
14CX,F1302
14CX,F1303
14CX,F1304
14CX,F1305
14CX,F1306
14CX,F1307
14CX,F131
14CX,F132
14CX,F1320
14CX,F1321
14CX,F1322
14CX,F1323
14CX,F1324
14CX,F1325
14CX,F1326
14CX,F133
14CX,F1330
14CX,F1331
14CX,F134
14CX,F1340
14CX,F1341
14CX,F135
14CX,F1350
14CX,F1351
14CX,F1352
14CX,F1353
14CX,F1354
14CX,F1355
14CX,F1356
14CX,F136
14CX,F137
14CX,F1370
14CX,F1371
14CX,F1372
14CX,F1373
14CX,F1374
14CX,F1375
14CX,F138
14CX,F139
14CX,F140
14CX,F1400
14CX,F1401
14CX,F1402
14CX,F1403
14CX,F1404
14CX,F1405
14CX,F1406
14CX,F1407
14CX,F141
14CX,F142
14CX,F1420
14CX,F1421
14CX,F1422
14CX,F1423
14CX,F1424
14CX,F1425
14CX,F1426
14CX,F143
14CX,F1430
14CX,F1431
14CX,F144
14CX,F1440
14CX,F1441
14CX,F145
14CX,F1450
14CX,F1451
14CX,F1452
14CX,F1453
14CX,F1454
14CX,F1455
14CX,F1456
14CX,F146
14CX,F147
14CX,F1470
14CX,F1471
14CX,F1472
14CX,F1473
14CX,F1474
14CX,F1475
14CX,F148
14CX,F149
14CX,F150
14CX,F1500
14CX,F1501
14CX,F1502
14CX,F1503
14CX,F1504
14CX,F1505
14CX,F1506
14CX,F1507
14CX,F151
14CX,F152
14CX,F1520
14CX,F1521
14CX,F1522
14CX,F1523
14CX,F1524
14CX,F1525
14CX,F1526
14CX,F153
14CX,F1530
14CX,F1531
14CX,F154
14CX,F1540
14CX,F1541
14CX,F155
14CX,F1550
14CX,F1551
14CX,F1552
14CX,F1553
14CX,F1554
14CX,F1555
14CX,F1556
14CX,F156
14CX,F157
14CX,F1570
14CX,F1571
14CX,F1572
14CX,F1573
14CX,F1574
14CX,F1575
14CX,F158
14CX,F159
14CX,F160
14CX,F1600
14CX,F1601
14CX,F1602
14CX,F1603
14CX,F1604
14CX,F1605
14CX,F1606
14CX,F1607
14CX,F161
14CX,F162
14CX,F1620
14CX,F1621
14CX,F1622
14CX,F1623
14CX,F1624
14CX,F1625
14CX,F1626
14CX,F163
14CX,F1630
14CX,F1631
14CX,F164
14CX,F1640
14CX,F1641
14CX,F165
14CX,F1650
14CX,F1651
14CX,F1652
14CX,F1653
14CX,F1654
14CX,F1655
14CX,F1656
14CX,F166
14CX,F167
14CX,F1670
14CX,F1671
14CX,F1672
14CX,F1673
14CX,F1674
14CX,F1675
14CX,F168
14CX,F169
14CX,F172
14CX,F1720
14CX,F1721
14CX,F1722
14CX,F1723
14CX,F1724
14CX,F1725
14CX,F1726
14CX,F173
14CX,F1730
14CX,F1731
14CX,F174
14CX,F1740
14CX,F1741
14CX,F175
14CX,F1750
14CX,F1751
14CX,F1752
14CX,F1753
14CX,F1754
14CX,F1755
14CX,F1756
14CX,F176
14CX,F177
14CX,F1770
14CX,F1771
14CX,F1772
14CX,F1773
14CX,F1774
14CX,F1775
14CX,F178
14CX,F179
14CX,F180
14CX,F1800
14CX,F1801
14CX,F1802
14CX,F1803
14CX,F1804
14CX,F1805
14CX,F1806
14CX,F1807
14CX,F181
14CX,F182
14CX,F1820
14CX,F1821
14CX,F1822
14CX,F1823
14CX,F1824
14CX,F1825
14CX,F1826
14CX,F183
14CX,F1830
14CX,F1831
14CX,F184
14CX,F1840
14CX,F1841
14CX,F185
14CX,F1850
14CX,F1851
14CX,F1852
14CX,F1853
14CX,F1854
14CX,F1855
14CX,F1856
14CX,F186
14CX,F187
14CX,F1870
14CX,F1871
14CX,F1872
14CX,F1873
14CX,F1874
14CX,F1875
14CX,F188
14CX,F189
14CX,F190
14CX,F1900
14CX,F1901
14CX,F1902
14CX,F1903
14CX,F1904
14CX,F1905
14CX,F1906
14CX,F1907
14CX,F191
14CX,F192
14CX,F1920
14CX,F1921
14CX,F1922
14CX,F1923
14CX,F1924
14CX,F1925
14CX,F1926
14CX,F193
14CX,F1930
14CX,F1931
14CX,F194
14CX,F1940
14CX,F1941
14CX,F195
14CX,F1950
14CX,F1951
14CX,F1952
14CX,F1953
14CX,F1954
14CX,F1955
14CX,F1956
14CX,F196
14CX,F197
14CX,F1970
14CX,F1971
14CX,F1972
14CX,F1973
14CX,F1974
14CX,F1975
14CX,F198
14CX,F199
14CX,F200
14CX,F2000
14CX,F2001
14CX,F2002
14CX,F2003
14CX,F2004
14CX,F2005
14CX,F2008
14CX,F2009
14CX,F201
14CX,F2010
14CX,F2011
14CX,F2012
14CX,F2013
14CX,F2014
14CX,F2015
14CX,F2018
14CX,F2019
14CX,F202
14CX,F2020
14CX,F2021
14CX,F2022
14CX,F2023
14CX,F2024
14CX,F2025
14CX,F2028
14CX,F2029
14CX,F203
14CX,F2030
14CX,F2031
14CX,F2032
14CX,F2033
14CX,F2034
14CX,F2035
14CX,F2038
14CX,F2039
14CX,F205
14CX,F2050
14CX,F2051
14CX,F2052
14CX,F2053
14CX,F2054
14CX,F2055
14CX,F2058
14CX,F2059
14CX,F206
14CX,F2060
14CX,F2061
14CX,F2062
14CX,F2063
14CX,F2064
14CX,F2065
14CX,F2068
14CX,F2069
14CX,F208
14CX,F2080
14CX,F2081
14CX,F2082
14CX,F2083
14CX,F2084
14CX,F2085
14CX,F2088
14CX,F2089
14CX,F209
14CX,F2090
14CX,F2091
14CX,F2092
14CX,F2093
14CX,F2094
14CX,F2095
14CX,F2098
14CX,F2099
14CX,F230
14CX,F231
14CX,F232
14CX,F233
14CX,F238
14CX,F239
14CX,F250
14CX,F251
14CX,F252
14CX,F258
14CX,F259
14CX,F29
14CX,F310
14CX,F311
14CX,F312
14CX,F314
14CX,F315
14CX,F316
14CX,F318
14CX,F319
14CX,F322
14CX,F323
14CX,F3230
14CX,F3231
14CX,F332
14CX,F333
14CX,F3330
14CX,F3331
14CX,F338
14CX,F339
14CX,F500
14CX,F501
14CX,F502
14CX,F503
14CX,F504
14CX,F508
14CX,F509
14CX,F840
14CX,F841
14CX,F842
14CX,F843
14CX,F844
14CX,F845
14CX,F848
14CX,F849
15BX,G000
15BX,G001
15BX,G002
15BX,G003
15BX,G008
15BX,G009
15BX,G039
25BX,G042
25BX,G043
25BX,G048
15BX,G049
25BX,G049
15BX,G060
15BX,G062
15BX,G120
15BX,G409
5CX,G463
5CX,G464
5CX,G465
5CX,G466
5CX,G467
5CX,G468
23BX,G800
23BX,G801
23BX,G802
23BX,G803
23BX,G804
23BX,G808
23BX,G809
15BX,G809
23BX,G810
23BX,G811
23BX,G819
23BX,G820
23BX,G821
23BX,G822
23BX,G823
23BX,G824
23BX,G825
23BX,G830
23BX,G831
23BX,G832
23BX,G833
23BX,G834
23BX,G838
23BX,G839
15BX,G910
15BX,G911
1BX,G913
15BX,G919
25BX,G934
23BX,G958
15CX,H010
15CX,H045
15CX,H050
15CX,H100
15CX,H103
15CX,H108
15CX,H113
15CX,H131
15CX,H309
15CX,H351
15CX,H601
15CX,H603
15CX,H660
0DX,I010
0DX,I011
0DX,I012
0DX,I018
0DX,I019
0DX,I020
0DX,I050
0DX,I051
0DX,I052
0DX,I058
0DX,I059
0DX,I060
0DX,I061
0DX,I062
0DX,I068
0DX,I069
0DX,I070
0DX,I071
0DX,I072
0DX,I078
0DX,I079
0DX,I080
0DX,I081
0DX,I082
0DX,I083
0DX,I088
0DX,I089
0DX,I090
0DX,I091
0DX,I098
5CX,I110
5BX,I110
5DX,I110
5BX,I130
5CX,I130
5DX,I130
5DX,I132
5CX,I132
5BX,I132
0DX,I210
28CX,I210
0DX,I211
28CX,I211
0DX,I212
28CX,I212
28CX,I213
0DX,I213
0DX,I214
28CX,I214
0DX,I219
28CX,I219
0DX,I220
28CX,I220
0DX,I221
28CX,I221
28CX,I228
0DX,I228
0DX,I229
28CX,I229
0DX,I230
5CX,I230
5DX,I230
5DX,I231
5CX,I231
0DX,I231
0DX,I232
5DX,I232
5CX,I232
0DX,I233
5CX,I233
5DX,I233
5DX,I234
5CX,I234
0DX,I234
0DX,I235
5CX,I235
5DX,I235
0DX,I236
5DX,I236
5CX,I236
5DX,I238
0DX,I238
5CX,I238
5DX,I240
0DX,I240
5CX,I241
0DX,I241
5DX,I241
0DX,I248
5DX,I248
0DX,I249
5DX,I249
0DX,I250
0DX,I251
0DX,I252
0DX,I253
5CX,I253
0DX,I254
5CX,I254
0DX,I255
0DX,I256
0DX,I258
0DX,I259
5DX,I269
5CX,I269
5CX,I270
5CX,I272
5DX,I300
5DX,I301
5DX,I308
5DX,I309
5DX,I312
5DX,I320
5DX,I321
5DX,I328
25DX,I330
5DX,I330
5DX,I339
25DX,I339
0DX,I340
0DX,I341
0DX,I342
0DX,I348
0DX,I349
0DX,I350
0DX,I351
0DX,I352
0DX,I358
0DX,I359
0DX,I360
0DX,I361
0DX,I362
0DX,I368
0DX,I369
0DX,I370
0DX,I371
0DX,I372
0DX,I378
0DX,I379
5DX,I38
25DX,I38
15BX,I38
0DX,I38
5DX,I394
5DX,I398
5DX,I400
0DX,I400
25DX,I400
25DX,I401
0DX,I401
5DX,I401
25DX,I408
5DX,I408
0DX,I408
0DX,I409
5DX,I409
25DX,I409
15BX,I409
5DX,I410
5DX,I411
5DX,I412
5DX,I418
5DX,I420
0DX,I420
0DX,I421
0DX,I422
5DX,I422
0DX,I423
5DX,I424
0DX,I424
0DX,I425
5DX,I425
0DX,I426
5DX,I426
0DX,I427
5DX,I427
0DX,I428
5DX,I428
5DX,I429
0DX,I429
5DX,I430
5DX,I431
5DX,I432
5DX,I438
15BX,I440
5CX,I441
15BX,I441
15BX,I442
5CX,I442
5CX,I443
5CX,I446
5CX,I447
5CX,I452
5CX,I453
15BX,I456
5CX,I460
15BX,I460
5DX,I460
5DX,I461
5CX,I461
5DX,I469
5CX,I469
5CX,I470
15BX,I471
5CX,I471
5DX,I472
5CX,I472
5CX,I479
5CX,I48
15BX,I48
5CX,I490
5CX,I4900
5CX,I4901
5CX,I4908
5CX,I4909
15BX,I493
0DX,I500
5CX,I500
5BX,I500
5DX,I500
15CX,I500
5BX,I501
5CX,I501
5DX,I501
0DX,I501
5BX,I509
0DX,I509
5CX,I509
5DX,I509
5DX,I510
0DX,I510
5DX,I511
0DX,I511
5CX,I511
0DX,I512
5DX,I512
5CX,I512
0DX,I513
5DX,I513
0DX,I514
0DX,I515
15CX,I517
5CX,I518
5DX,I518
15CX,I519
1CX,I600
28BX,I600
5CX,I600
5CX,I601
28BX,I601
1CX,I601
1CX,I602
5CX,I602
28BX,I602
5CX,I603
28BX,I603
1CX,I603
1CX,I604
5CX,I604
28BX,I604
5CX,I605
1CX,I605
28BX,I605
5CX,I606
1CX,I606
28BX,I606
28BX,I607
1CX,I607
5CX,I607
1CX,I608
28BX,I608
5CX,I608
5CX,I609
1CX,I609
28BX,I609
1CX,I610
5CX,I610
28BX,I610
5CX,I611
28BX,I611
1CX,I611
5CX,I612
28BX,I612
1CX,I612
28BX,I613
5CX,I613
1CX,I613
28BX,I614
5CX,I614
1CX,I614
5CX,I615
28BX,I615
1CX,I615
28BX,I616
1CX,I616
5CX,I616
5CX,I618
1CX,I618
28BX,I618
1CX,I619
5CX,I619
28BX,I619
1CX,I620
5CX,I620
28BX,I620
1CX,I621
28BX,I621
5CX,I621
1CX,I629
5CX,I629
28BX,I629
28BX,I630
5CX,I630
28BX,I631
5CX,I631
5CX,I632
28BX,I632
28BX,I633
5CX,I633
5CX,I634
28BX,I634
5CX,I635
28BX,I635
28BX,I636
28BX,I638
5CX,I638
28BX,I639
5CX,I639
5CX,I64
28BX,I64
28BX,I650
28BX,I651
28BX,I652
28BX,I653
28BX,I658
28BX,I659
28BX,I660
5CX,I660
28BX,I661
5CX,I661
28BX,I662
5CX,I662
5CX,I663
28BX,I663
28BX,I664
5CX,I664
5CX,I668
28BX,I668
5CX,I669
28BX,I669
25DX,I673
28BX,I679
1CX,I688
5CX,I710
15CX,I809
6BX,I850
5CX,I950
15CX,I959
5CX,I959
5DX,I970
5DX,I971
15CX,J00
15CX,J029
3BX,J042
3BX,J051
15CX,J069
5CX,J09
5CX,J100
5CX,J110
25DX,J123
25DX,J128
15BX,J129
25DX,J129
25DX,J13
5CX,J13
25DX,J14
5CX,J14
15BX,J150
25DX,J150
5CX,J150
15BX,J151
25DX,J151
5CX,J151
15BX,J152
5CX,J152
25DX,J152
15BX,J153
25DX,J153
5CX,J153
25DX,J154
5CX,J154
15BX,J154
15BX,J155
25DX,J155
5CX,J155
25DX,J156
5CX,J156
15BX,J156
25DX,J157
5CX,J157
25DX,J158
5CX,J158
15BX,J158
15BX,J1581
25DX,J1581
5CX,J1581
25DX,J1588
5CX,J1588
15BX,J1588
5CX,J159
15CX,J159
25DX,J159
5CX,J160
15CX,J160
25DX,J160
25DX,J168
5CX,J168
5CX,J170
5CX,J172
5CX,J173
5CX,J178
15CX,J180
5CX,J180
5CX,J181
25DX,J181
15CX,J181
5CX,J182
15CX,J188
5CX,J188
25DX,J188
15CX,J189
25DX,J189
5CX,J189
15CX,J209
15CX,J219
15CX,J348
15BX,J380
3BX,J390
15CX,J398
0DX,J430
0DX,J431
0DX,J432
0DX,J438
0DX,J439
0DX,J440
0DX,J441
0DX,J442
0DX,J448
0DX,J449
15CX,J459
5CX,J690
15CX,J690
5CX,J691
5CX,J698
5CX,J80
25DX,J850
25DX,J851
25DX,J852
15BX,J860
15BX,J869
15BX,J90
15BX,J940
15BX,J942
5CX,J951
5CX,J952
5CX,J953
15BX,J955
22BX,J960
15BX,J960
5CX,J960
5CX,J961
15BX,J969
15CX,J981
5CX,J981
15CX,J988
15CX,J989
15CX,K006
15CX,K0060
15CX,K0061
15CX,K0062
15CX,K0063
15CX,K0064
15CX,K0065
15CX,K0068
15CX,K0069
15CX,K070
15CX,K090
3BX,K112
3BX,K113
15CX,K121
3BX,K122
15CX,K123
15CX,K219
6BX,K221
6BX,K226
25DX,K230
15BX,K250
6BX,K250
6BX,K251
15BX,K251
6BX,K252
15BX,K252
6BX,K253
6BX,K254
6BX,K255
6BX,K256
6BX,K257
6BX,K259
6BX,K260
15BX,K260
15BX,K261
6BX,K261
6BX,K262
15BX,K262
6BX,K263
6BX,K264
6BX,K265
6BX,K266
6BX,K267
6BX,K269
6BX,K270
6BX,K271
6BX,K272
6BX,K273
6BX,K274
6BX,K275
6BX,K276
6BX,K277
6BX,K279
6BX,K280
6BX,K281
6BX,K282
6BX,K283
6BX,K284
6BX,K285
6BX,K286
6BX,K287
6BX,K289
15BX,K290
6BX,K290
15CX,K296
6BX,K311
6BX,K315
6CX,K350
6CX,K351
6CX,K352
6CX,K353
6CX,K383
15CX,K400
15CX,K401
15CX,K402
15CX,K404
15CX,K409
15CX,K429
6BX,K500
6BX,K501
6BX,K508
6BX,K509
6BX,K510
6BX,K511
6BX,K512
6BX,K513
6BX,K514
6BX,K515
6BX,K518
6BX,K519
15CX,K522
15CX,K529
6BX,K560
6BX,K561
6BX,K562
15BX,K562
6BX,K563
6BX,K564
6BX,K565
15BX,K566
6BX,K566
6BX,K567
15CX,K600
6BX,K625
6BX,K650
6BX,K6500
6BX,K6501
6BX,K658
6BX,K659
25DX,K670
6BX,K670
25DX,K673
6BX,K673
6BX,K678
0CX,K703
0CX,K717
0CX,K720
0CX,K721
0CX,K729
0CX,K740
0CX,K741
0CX,K742
0CX,K743
0CX,K745
0CX,K746
15CX,K904
15BX,K912
15BX,K9120
15BX,K9128
15BX,K9129
15BX,K913
28DX,K920
6BX,K920
6BX,K921
15CX,K922
28DX,K922
6BX,K922
25DX,K930
15CX,L00
15CX,L010
15CX,L020
15CX,L021
15CX,L022
15CX,L023
15CX,L024
15CX,L028
15CX,L029
15CX,L030
9BX,L030
15CX,L031
9BX,L031
15CX,L032
9BX,L032
15CX,L033
9BX,L033
9BX,L038
15CX,L038
9BX,L039
15CX,L039
15CX,L059
15CX,L080
15CX,L088
9BX,L088
15CX,L089
15CX,L208
15CX,L209
15CX,L210
15CX,L211
15CX,L218
15CX,L219
15CX,L22
15CX,L239
15CX,L249
15CX,L259
15BX,L26
15CX,L303
15CX,L304
15CX,L403
15CX,L509
15CX,L510
15CX,L511
15CX,L739
15CX,L89
9BX,L89
5CX,L89
9BX,L890
15CX,L890
5CX,L890
9BX,L891
15CX,L891
5CX,L891
5CX,L892
9BX,L892
15CX,L892
9BX,L893
15CX,L893
5CX,L893
9BX,L899
15CX,L899
5CX,L899
15CX,L928
15CX,L929
9BX,L97
9BX,L984
15BX,M000
15BX,M002
15BX,M008
15BX,M009
25DX,M011
25DX,M0110
25DX,M0111
25DX,M0112
25DX,M0113
25DX,M0114
25DX,M0115
25DX,M0116
25DX,M0117
25DX,M0118
25DX,M0119
15CX,M726
15CX,M7260
15CX,M7261
15CX,M7262
15CX,M7263
15CX,M7264
15CX,M7265
15CX,M7266
15CX,M7267
15CX,M7268
15CX,M7269
15BX,M860
15BX,M861
15BX,N10
15BX,N130
15BX,N137
15BX,N138
15BX,N139
5CX,N170
5CX,N171
5CX,N172
5CX,N178
15CX,N179
5CX,N179
15CX,N19
15CX,N390
15CX,N433
15BX,N459
15CX,N47
15CX,N61
14KX,O083
14FX,O102
14CX,O102
14CX,O11
14FX,O11
14FX,O121
14CX,O121
14FX,O13
14CX,O13
14CX,O140
14FX,O140
14CX,O141
14FX,O141
14CX,O142
14FX,O142
14FX,O149
14CX,O149
14FX,O150
14CX,O150
14CX,O151
14CX,O159
14FX,O159
14FX,O212
14CX,O212
14FX,O218
14CX,O218
14CX,O219
14FX,O219
14CX,O223
14FX,O223
14CX,O225
14FX,O225
14CX,O228
14FX,O228
14FX,O240
14CX,O240
14CX,O241
14FX,O241
14CX,O242
14FX,O242
14CX,O243
14FX,O243
14FX,O244
14CX,O244
14FX,O2440
14CX,O2440
14FX,O2441
14CX,O2441
14CX,O2449
14FX,O2449
14CX,O249
14FX,O249
14CX,O290
14FX,O290
14FX,O291
14CX,O291
14FX,O292
14CX,O292
14FX,O300
14CX,O300
14FX,O301
14CX,O301
14FX,O302
14CX,O302
14CX,O308
14FX,O308
14FX,O309
14CX,O309
14FX,O311
14CX,O311
14CX,O312
14FX,O312
14FX,O318
14CX,O318
14FX,O325
14CX,O325
14FX,O343
14CX,O343
14FX,O365
14CX,O365
14FX,O40
14CX,O40
14CX,O410
14FX,O410
14FX,O411
14CX,O421
14CX,O440
14FX,O440
14CX,O441
14FX,O441
14FX,O450
14CX,O450
14FX,O460
14CX,O460
14CX,O670
14DX,O678
14DX,O679
14DX,O702
14DX,O703
14DX,O721
14CX,O740
14CX,O741
14CX,O742
14CX,O743
14DX,O744
14DX,O745
14DX,O746
14DX,O747
14DX,O748
14DX,O749
14CX,O751
14DX,O754
14CX,O756
14GX,O800
14BX,O800
14BX,O801
14GX,O801
14GX,O808
14BX,O808
14GX,O809
14BX,O809
14BX,O810
14GX,O810
14BX,O811
14GX,O811
14GX,O812
14BX,O812
14BX,O813
14GX,O813
14BX,O814
14GX,O814
14BX,O815
14GX,O815
14BX,O820
14HX,O820
14BX,O821
14HX,O821
14BX,O822
14HX,O822
14BX,O828
14HX,O828
14HX,O829
14BX,O829
14GX,O830
14BX,O830
14GX,O831
14BX,O831
14GX,O832
14BX,O832
14BX,O833
14BX,O834
14BX,O838
14BX,O839
14BX,O840
14GX,O840
14GX,O841
14BX,O841
14HX,O842
14BX,O842
14BX,O848
14JX,O848
14BX,O849
14FX,O990
14FX,O991
14FX,O992
14CX,O993
14FX,O993
14FX,O994
14FX,O995
14FX,O996
14FX,O997
14FX,O998
15CX,P002
15CX,P011
15CX,P012
15CX,P013
15CX,P027
15CX,P100
15CX,P101
15CX,P102
15CX,P103
15CX,P104
15CX,P108
15CX,P109
15CX,P110
15CX,P112
15CX,P113
15CX,P114
15BX,P115
15BX,P119
15CX,P122
15CX,P123
15CX,P128
15CX,P129
15CX,P130
15CX,P131
15CX,P132
15CX,P133
15CX,P134
15CX,P138
15CX,P139
15CX,P140
15CX,P141
15CX,P142
15CX,P143
15CX,P150
15CX,P151
15CX,P153
15CX,P154
15CX,P155
15CX,P209
15BX,P210
15CX,P211
15CX,P219
15BX,P220
15CX,P221
15CX,P228
15CX,P229
15CX,P230
15CX,P231
15BX,P232
15CX,P233
15BX,P234
15BX,P235
15CX,P236
15CX,P238
15CX,P239
15CX,P240
15CX,P241
15CX,P242
15CX,P243
15CX,P248
15CX,P249
15BX,P250
15BX,P251
15BX,P252
15BX,P253
15CX,P258
15BX,P260
15BX,P261
15BX,P269
15BX,P271
15BX,P278
15BX,P279
15CX,P280
15CX,P281
15CX,P282
15CX,P283
15CX,P284
15BX,P285
15CX,P290
15CX,P291
15CX,P292
15BX,P293
15CX,P294
15CX,P299
15CX,P350
15CX,P351
15CX,P352
15CX,P353
15CX,P358
15CX,P359
15CX,P360
15CX,P361
15CX,P362
15CX,P363
15CX,P364
15CX,P365
15CX,P368
15CX,P369
15CX,P370
15CX,P371
15CX,P372
15CX,P373
15CX,P374
15CX,P375
15CX,P378
15CX,P379
15CX,P38
15CX,P390
15CX,P391
15CX,P392
15CX,P393
15CX,P394
15CX,P504
15CX,P509
15CX,P510
15CX,P520
15CX,P521
15BX,P522
15CX,P523
15CX,P524
15CX,P525
15CX,P526
15CX,P528
15CX,P529
15CX,P53
15CX,P540
15CX,P541
15CX,P543
15CX,P544
15CX,P549
15CX,P550
15CX,P551
15CX,P558
15CX,P559
15CX,P560
15CX,P569
15CX,P570
15CX,P578
15CX,P579
15CX,P581
15CX,P582
15CX,P584
15CX,P585
15CX,P591
15CX,P592
15BX,P60
15CX,P610
15CX,P611
15CX,P612
15CX,P613
15CX,P614
15CX,P616
15CX,P618
15CX,P619
15CX,P702
15CX,P703
15CX,P704
15CX,P708
15CX,P709
15CX,P711
15CX,P712
15CX,P713
15CX,P714
15CX,P718
15CX,P719
15CX,P720
15CX,P721
15CX,P722
15CX,P728
15CX,P729
15CX,P740
15CX,P741
15CX,P742
15CX,P743
15CX,P744
15CX,P745
15CX,P748
15CX,P749
15CX,P75
15CX,P760
15CX,P761
15CX,P768
15CX,P769
15BX,P77
15BX,P780
15CX,P781
15CX,P782
15CX,P783
15CX,P800
15CX,P830
15CX,P832
15CX,P90
15BX,P910
15CX,P911
15CX,P912
15CX,P913
15BX,P914
15BX,P915
15BX,P916
15CX,P922
15CX,P923
15CX,P940
15CX,P942
15CX,P948
15CX,P95
15CX,P960
15CX,P965
15CX,P968
15CX,Q000
15CX,Q001
15CX,Q010
15CX,Q011
15CX,Q012
15CX,Q018
15CX,Q019
15CX,Q02
15CX,Q030
15CX,Q031
15CX,Q038
15CX,Q039
15CX,Q040
15CX,Q041
15CX,Q042
15CX,Q043
15CX,Q044
15CX,Q045
15CX,Q046
15CX,Q048
15CX,Q049
15CX,Q050
15CX,Q051
15CX,Q052
15CX,Q053
15CX,Q054
15CX,Q055
15CX,Q056
15CX,Q057
15CX,Q058
15CX,Q059
15CX,Q060
15CX,Q061
15CX,Q062
15CX,Q063
15CX,Q064
15CX,Q068
15CX,Q069
15CX,Q070
15CX,Q078
15CX,Q079
15CX,Q100
15CX,Q107
15CX,Q111
15CX,Q112
15CX,Q113
15CX,Q120
15CX,Q133
15CX,Q150
15BX,Q200
15BX,Q201
15BX,Q202
15BX,Q203
15BX,Q204
15BX,Q205
15BX,Q206
15BX,Q208
15BX,Q209
15BX,Q210
15BX,Q211
15BX,Q212
15BX,Q213
15BX,Q214
15BX,Q218
15CX,Q219
15BX,Q220
0DX,Q220
15BX,Q221
0DX,Q221
0DX,Q222
15BX,Q222
0DX,Q223
15BX,Q223
0DX,Q224
15BX,Q224
0DX,Q225
15BX,Q225
0DX,Q226
15BX,Q226
15BX,Q228
0DX,Q228
0DX,Q229
15BX,Q229
0DX,Q230
15BX,Q230
15BX,Q231
0DX,Q231
15BX,Q232
0DX,Q232
15BX,Q233
0DX,Q233
0DX,Q234
15BX,Q234
0DX,Q238
15BX,Q238
0DX,Q239
15BX,Q239
15BX,Q240
15BX,Q241
15BX,Q242
15BX,Q243
15BX,Q244
15BX,Q245
15CX,Q246
15CX,Q248
15CX,Q249
15CX,Q250
15CX,Q251
15BX,Q252
15BX,Q253
15BX,Q254
15BX,Q255
15BX,Q256
15BX,Q257
15BX,Q258
15BX,Q259
15BX,Q260
15BX,Q261
15BX,Q262
15BX,Q263
15BX,Q264
15BX,Q265
15BX,Q266
15BX,Q268
15BX,Q269
15BX,Q270
15BX,Q271
15BX,Q272
15BX,Q273
15BX,Q274
15BX,Q278
15BX,Q279
15CX,Q300
15CX,Q301
15CX,Q302
15CX,Q303
15CX,Q308
15CX,Q309
15CX,Q310
15CX,Q311
15CX,Q312
15CX,Q313
15CX,Q314
15CX,Q315
15CX,Q318
15CX,Q319
15CX,Q320
15CX,Q322
15BX,Q330
15BX,Q333
15BX,Q336
15CX,Q351
15CX,Q353
15CX,Q355
15CX,Q359
15CX,Q360
15CX,Q361
15CX,Q369
15CX,Q370
15CX,Q371
15CX,Q373
15CX,Q374
15CX,Q375
15CX,Q378
15CX,Q379
15CX,Q380
15CX,Q382
15CX,Q383
15CX,Q3830
15CX,Q3831
15CX,Q3832
15CX,Q3834
15CX,Q3838
15CX,Q3839
15CX,Q390
15BX,Q391
15BX,Q392
15CX,Q400
15BX,Q410
15CX,Q4100
15CX,Q4108
15CX,Q4109
15CX,Q411
15CX,Q412
15CX,Q418
15CX,Q419
15CX,Q420
15CX,Q421
15CX,Q422
15CX,Q423
15CX,Q428
15CX,Q429
6BX,Q430
15CX,Q431
15CX,Q433
15CX,Q434
15CX,Q436
15CX,Q437
15CX,Q438
15CX,Q439
15BX,Q442
0CX,Q442
15BX,Q447
15CX,Q451
15CX,Q540
15CX,Q541
15CX,Q542
15CX,Q543
15CX,Q544
15CX,Q548
15CX,Q549
15CX,Q560
15CX,Q561
15CX,Q562
15CX,Q563
15BX,Q564
15CX,Q611
15CX,Q620
15CX,Q640
15CX,Q650
15CX,Q651
15CX,Q658
15CX,Q676
15CX,Q677
15CX,Q680
15CX,Q681
0EX,Q782
15CX,Q790
15CX,Q792
15CX,Q793
15CX,Q794
15CX,Q795
15CX,Q798
15CX,Q799
15CX,Q800
15CX,Q801
15CX,Q802
15CX,Q803
15CX,Q804
15CX,Q808
15CX,Q809
15CX,Q819
15CX,Q860
15CX,Q861
15CX,Q870
15CX,Q894
15CX,Q897
15CX,Q913
15CX,Q917
15CX,Q999
15CX,R001
15CX,R010
15CX,R011
15CX,R060
15CX,R068
15CX,R162
15CX,R220
15CX,R221
15CX,R230
15CX,R31
15CX,R34
15CX,R508
5CX,R570
15BX,R570
5BX,R570
5DX,R570
18BX,R571
15CX,R571
15CX,R572
25DX,R572
15CX,R578
18BX,R578
5BX,R579
15CX,R579
18BX,R579
5DX,R579
5CX,R579
15CX,R599
15CX,R628
15CX,R633
15CX,R634
15CX,R739
15CX,R75
15CX,S000
3BX,S015
3BX,S0150
3BX,S0151
3BX,S0157
1BX,S020
1BX,S0200
1BX,S0201
1BX,S021
2BX,S021
1BX,S0210
1BX,S0211
2BX,S023
3BX,S024
3BX,S0240
3BX,S02400
3BX,S02401
3BX,S02402
3BX,S02407
3BX,S0241
3BX,S02410
3BX,S02411
3BX,S02412
3BX,S02417
3BX,S025
3BX,S0250
3BX,S02500
3BX,S02501
3BX,S02502
3BX,S02503
3BX,S02504
3BX,S02507
3BX,S02509
3BX,S0251
3BX,S02510
3BX,S02511
3BX,S02512
3BX,S02513
3BX,S02514
3BX,S02517
3BX,S02519
3BX,S026
3BX,S0260
3BX,S02600
3BX,S02601
3BX,S02602
3BX,S02603
3BX,S02604
3BX,S02605
3BX,S02606
3BX,S02607
3BX,S02609
3BX,S0261
3BX,S02610
3BX,S02611
3BX,S02612
3BX,S02613
3BX,S02614
3BX,S02615
3BX,S02616
3BX,S02617
3BX,S02619
1BX,S027
1BX,S0270
1BX,S0271
2BX,S028
1BX,S028
1BX,S0280
1BX,S0281
1BX,S029
1BX,S0290
1BX,S0291
1BX,S040
2BX,S052
2BX,S054
2BX,S055
2BX,S056
2BX,S057
1BX,S060
1BX,S0600
1BX,S0601
1BX,S061
1BX,S0610
1BX,S0611
1BX,S062
1BX,S0620
1BX,S0621
1BX,S063
1BX,S0630
1BX,S0631
1BX,S064
1BX,S0640
1BX,S0641
1BX,S065
1BX,S0650
1BX,S0651
1BX,S066
1BX,S0660
1BX,S0661
1BX,S067
1BX,S0670
1BX,S0671
1BX,S068
1BX,S0680
1BX,S0681
1BX,S069
1BX,S0690
1BX,S0691
1BX,S099
15CX,S143
0CX,S361
0CX,S3610
0CX,S3611
15CX,S4200
1BX,T020
1BX,T0200
1BX,T0201
1BX,T060
3BX,T171
3BX,T172
15CX,T211
15CX,T212
22BX,T270
22BX,T271
22BX,T272
22BX,T273
3BX,T280
3BX,T285
15CX,T360
22BX,T599
15CX,T740
15CX,T741
15CX,T781
15CX,T793
15CX,T801
15CX,T803
15CX,T813
15CX,T814
5CX,T827
5CX,T829
15CX,T850
15CX,T857
15CX,T881
15CX,Z201
15CX,Z202
15CX,Z205
14BX,Z370
14BX,Z371
14BX,Z372
14BX,Z373
14BX,Z374
14BX,Z375
14BX,Z376
14BX,Z377
14BX,Z379
15CX,Z384
15CX,Z386
15CX,Z387
14EX,Z390
4BX,Z430
15CX,Z433
99BX,Z510
99CX,Z511
4BX,Z930
15CX,Z991
